Type,Name,Published,Categories,Visibility in catalog,Short description,In stock?,Allow customer reviews?,Sale price,Regular price,Images
simple,Height Adjustable Coil Overs <span style='display: none;'>AUDI A1 11 - 17</span>,1,AUDI,visible,AUDI A1 11 - 17,1,1,765.85,901,/wp-content/uploads/2020/03/RACE-SPRINGS.png
simple,Height Adjustable Coil Overs <span style='display: none;'>AUDI 8X (MEXICO) 11 - 17</span>,1,AUDI,visible,AUDI 8X (MEXICO) 11 - 17,1,1,765.85,901,/wp-content/uploads/2020/03/RACE-SPRINGS.png
simple,Height Adjustable Coil Overs <span style='display: none;'>AUDI A3 15 - 19</span>,1,AUDI,visible,AUDI A3 15 - 19,1,1,857.65,1009,/wp-content/uploads/2020/03/RACE-SPRINGS.png
simple,Height Adjustable Coil Overs <span style='display: none;'>AUDI 8V 15 - 19</span>,1,AUDI,visible,AUDI 8V 15 - 19,1,1,857.65,1009,/wp-content/uploads/2020/03/RACE-SPRINGS.png
simple,Height Adjustable Coil Overs <span style='display: none;'>AUDI Excl Quattro 15 - 19</span>,1,AUDI,visible,AUDI Excl Quattro 15 - 19,1,1,857.65,1009,/wp-content/uploads/2020/03/RACE-SPRINGS.png
simple,Height Adjustable Coil Overs <span style='display: none;'>AUDI A3 06 - 13</span>,1,AUDI,visible,AUDI A3 06 - 13,1,1,829.6,976,/wp-content/uploads/2020/03/RACE-SPRINGS.png
simple,Height Adjustable Coil Overs <span style='display: none;'>AUDI 8P 06 - 13</span>,1,AUDI,visible,AUDI 8P 06 - 13,1,1,829.6,976,/wp-content/uploads/2020/03/RACE-SPRINGS.png
simple,Height Adjustable Coil Overs <span style='display: none;'>AUDI 3.2 Quattro 06 - 13</span>,1,AUDI,visible,AUDI 3.2 Quattro 06 - 13,1,1,829.6,976,/wp-content/uploads/2020/03/RACE-SPRINGS.png
simple,Height Adjustable Coil Overs <span style='display: none;'>AUDI A3 06 - 13</span>,1,AUDI,visible,AUDI A3 06 - 13,1,1,829.6,976,/wp-content/uploads/2020/03/RACE-SPRINGS.png
simple,Height Adjustable Coil Overs <span style='display: none;'>AUDI 8P 06 - 13</span>,1,AUDI,visible,AUDI 8P 06 - 13,1,1,829.6,976,/wp-content/uploads/2020/03/RACE-SPRINGS.png
simple,Height Adjustable Coil Overs <span style='display: none;'>AUDI Excl Quattro 06 - 13</span>,1,AUDI,visible,AUDI Excl Quattro 06 - 13,1,1,829.6,976,/wp-content/uploads/2020/03/RACE-SPRINGS.png
simple,Height Adjustable Coil Overs <span style='display: none;'>AUDI S4 00 - 02</span>,1,AUDI,visible,AUDI S4 00 - 02,1,1,857.65,1009,/wp-content/uploads/2020/03/RACE-SPRINGS.png
simple,Height Adjustable Coil Overs <span style='display: none;'>AUDI A4 Quattro 00 - 02</span>,1,AUDI,visible,AUDI A4 Quattro 00 - 02,1,1,857.65,1009,/wp-content/uploads/2020/03/RACE-SPRINGS.png
simple,Height Adjustable Coil Overs <span style='display: none;'>AUDI B5 00 - 02</span>,1,AUDI,visible,AUDI B5 00 - 02,1,1,857.65,1009,/wp-content/uploads/2020/03/RACE-SPRINGS.png
simple,Height Adjustable Coil Overs <span style='display: none;'>AUDI (96 - 01) 00 - 02</span>,1,AUDI,visible,AUDI (96 - 01) 00 - 02,1,1,857.65,1009,/wp-content/uploads/2020/03/RACE-SPRINGS.png
simple,Height Adjustable Coil Overs <span style='display: none;'>AUDI S4 09 - 16</span>,1,AUDI,visible,AUDI S4 09 - 16,1,1,912.9,1074,/wp-content/uploads/2020/03/RACE-SPRINGS.png
simple,Height Adjustable Coil Overs <span style='display: none;'>AUDI A4 09 - 16</span>,1,AUDI,visible,AUDI A4 09 - 16,1,1,912.9,1074,/wp-content/uploads/2020/03/RACE-SPRINGS.png
simple,Height Adjustable Coil Overs <span style='display: none;'>AUDI 8K (B8) 09 - 16</span>,1,AUDI,visible,AUDI 8K (B8) 09 - 16,1,1,912.9,1074,/wp-content/uploads/2020/03/RACE-SPRINGS.png
simple,Height Adjustable Coil Overs <span style='display: none;'>AUDI Quattro 09 - 16</span>,1,AUDI,visible,AUDI Quattro 09 - 16,1,1,912.9,1074,/wp-content/uploads/2020/03/RACE-SPRINGS.png
simple,Height Adjustable Coil Overs <span style='display: none;'>AUDI 2WD 09 - 16</span>,1,AUDI,visible,AUDI 2WD 09 - 16,1,1,912.9,1074,/wp-content/uploads/2020/03/RACE-SPRINGS.png
simple,Height Adjustable Coil Overs <span style='display: none;'>AUDI Excl magnetic ride 09 - 16</span>,1,AUDI,visible,AUDI Excl magnetic ride 09 - 16,1,1,912.9,1074,/wp-content/uploads/2020/03/RACE-SPRINGS.png
simple,Height Adjustable Coil Overs <span style='display: none;'>AUDI A4 Quattro 96 - 01</span>,1,AUDI,visible,AUDI A4 Quattro 96 - 01,1,1,857.65,1009,/wp-content/uploads/2020/03/RACE-SPRINGS.png
simple,Height Adjustable Coil Overs <span style='display: none;'>AUDI B5 96 - 01</span>,1,AUDI,visible,AUDI B5 96 - 01,1,1,857.65,1009,/wp-content/uploads/2020/03/RACE-SPRINGS.png
simple,Height Adjustable Coil Overs <span style='display: none;'>AUDI A4 99 - 01</span>,1,AUDI,visible,AUDI A4 99 - 01,1,1,829.6,976,/wp-content/uploads/2020/03/RACE-SPRINGS.png
simple,Height Adjustable Coil Overs <span style='display: none;'>AUDI 8D (B5) 99 - 01</span>,1,AUDI,visible,AUDI 8D (B5) 99 - 01,1,1,829.6,976,/wp-content/uploads/2020/03/RACE-SPRINGS.png
simple,Height Adjustable Coil Overs <span style='display: none;'>AUDI Excl Quattro 99 - 01</span>,1,AUDI,visible,AUDI Excl Quattro 99 - 01,1,1,829.6,976,/wp-content/uploads/2020/03/RACE-SPRINGS.png
simple,Height Adjustable Coil Overs <span style='display: none;'>AUDI from chassis no. 8D*X 200000 99 - 01</span>,1,AUDI,visible,AUDI from chassis no. 8D*X 200000 99 - 01,1,1,829.6,976,/wp-content/uploads/2020/03/RACE-SPRINGS.png
simple,Height Adjustable Coil Overs <span style='display: none;'>AUDI A4 96 - 99</span>,1,AUDI,visible,AUDI A4 96 - 99,1,1,829.6,976,/wp-content/uploads/2020/03/RACE-SPRINGS.png
simple,Height Adjustable Coil Overs <span style='display: none;'>AUDI (B5) 96 - 99</span>,1,AUDI,visible,AUDI (B5) 96 - 99,1,1,829.6,976,/wp-content/uploads/2020/03/RACE-SPRINGS.png
simple,Height Adjustable Coil Overs <span style='display: none;'>AUDI Excl Quattro 96 - 99</span>,1,AUDI,visible,AUDI Excl Quattro 96 - 99,1,1,829.6,976,/wp-content/uploads/2020/03/RACE-SPRINGS.png
simple,Height Adjustable Coil Overs <span style='display: none;'>AUDI up to chassis no. 8D*X 199999 96 - 99</span>,1,AUDI,visible,AUDI up to chassis no. 8D*X 199999 96 - 99,1,1,829.6,976,/wp-content/uploads/2020/03/RACE-SPRINGS.png
simple,Height Adjustable Coil Overs <span style='display: none;'>AUDI Years 96 - 99 96 - 99</span>,1,AUDI,visible,AUDI Years 96 - 99 96 - 99,1,1,829.6,976,/wp-content/uploads/2020/03/RACE-SPRINGS.png
simple,Height Adjustable Coil Overs <span style='display: none;'>AUDI A4 02 - 08</span>,1,AUDI,visible,AUDI A4 02 - 08,1,1,857.65,1009,/wp-content/uploads/2020/03/RACE-SPRINGS.png
simple,Height Adjustable Coil Overs <span style='display: none;'>AUDI 8E (B6 02 - 08</span>,1,AUDI,visible,AUDI 8E (B6 02 - 08,1,1,857.65,1009,/wp-content/uploads/2020/03/RACE-SPRINGS.png
simple,Height Adjustable Coil Overs <span style='display: none;'>AUDI B7) 02 - 08</span>,1,AUDI,visible,AUDI B7) 02 - 08,1,1,857.65,1009,/wp-content/uploads/2020/03/RACE-SPRINGS.png
simple,Height Adjustable Coil Overs <span style='display: none;'>AUDI Excl Quattro 02 - 08</span>,1,AUDI,visible,AUDI Excl Quattro 02 - 08,1,1,857.65,1009,/wp-content/uploads/2020/03/RACE-SPRINGS.png
simple,Height Adjustable Coil Overs <span style='display: none;'>AUDI S4 02 - 08</span>,1,AUDI,visible,AUDI S4 02 - 08,1,1,895.05,1053,/wp-content/uploads/2020/03/RACE-SPRINGS.png
simple,Height Adjustable Coil Overs <span style='display: none;'>AUDI A4 02 - 08</span>,1,AUDI,visible,AUDI A4 02 - 08,1,1,895.05,1053,/wp-content/uploads/2020/03/RACE-SPRINGS.png
simple,Height Adjustable Coil Overs <span style='display: none;'>AUDI 8E (B6 02 - 08</span>,1,AUDI,visible,AUDI 8E (B6 02 - 08,1,1,895.05,1053,/wp-content/uploads/2020/03/RACE-SPRINGS.png
simple,Height Adjustable Coil Overs <span style='display: none;'>AUDI B7) 02 - 08</span>,1,AUDI,visible,AUDI B7) 02 - 08,1,1,895.05,1053,/wp-content/uploads/2020/03/RACE-SPRINGS.png
simple,Height Adjustable Coil Overs <span style='display: none;'>AUDI Quattro 02 - 08</span>,1,AUDI,visible,AUDI Quattro 02 - 08,1,1,895.05,1053,/wp-content/uploads/2020/03/RACE-SPRINGS.png
simple,Height Adjustable Coil Overs <span style='display: none;'>AUDI A4 09 - 16</span>,1,AUDI,visible,AUDI A4 09 - 16,1,1,912.9,1074,/wp-content/uploads/2020/03/RACE-SPRINGS.png
simple,Height Adjustable Coil Overs <span style='display: none;'>AUDI Avant 09 - 16</span>,1,AUDI,visible,AUDI Avant 09 - 16,1,1,912.9,1074,/wp-content/uploads/2020/03/RACE-SPRINGS.png
simple,Height Adjustable Coil Overs <span style='display: none;'>AUDI 8K (B8) 09 - 16</span>,1,AUDI,visible,AUDI 8K (B8) 09 - 16,1,1,912.9,1074,/wp-content/uploads/2020/03/RACE-SPRINGS.png
simple,Height Adjustable Coil Overs <span style='display: none;'>AUDI Quattro 09 - 16</span>,1,AUDI,visible,AUDI Quattro 09 - 16,1,1,912.9,1074,/wp-content/uploads/2020/03/RACE-SPRINGS.png
simple,Height Adjustable Coil Overs <span style='display: none;'>AUDI FWD 09 - 16</span>,1,AUDI,visible,AUDI FWD 09 - 16,1,1,912.9,1074,/wp-content/uploads/2020/03/RACE-SPRINGS.png
simple,Height Adjustable Coil Overs <span style='display: none;'>AUDI Excl magnetic ride 09 - 16</span>,1,AUDI,visible,AUDI Excl magnetic ride 09 - 16,1,1,912.9,1074,/wp-content/uploads/2020/03/RACE-SPRINGS.png
simple,Height Adjustable Coil Overs <span style='display: none;'>AUDI A5 09 - 19</span>,1,AUDI,visible,AUDI A5 09 - 19,1,1,912.9,1074,/wp-content/uploads/2020/03/RACE-SPRINGS.png
simple,Height Adjustable Coil Overs <span style='display: none;'>AUDI S5 09 - 19</span>,1,AUDI,visible,AUDI S5 09 - 19,1,1,912.9,1074,/wp-content/uploads/2020/03/RACE-SPRINGS.png
simple,Height Adjustable Coil Overs <span style='display: none;'>AUDI 8K (B8) 09 - 19</span>,1,AUDI,visible,AUDI 8K (B8) 09 - 19,1,1,912.9,1074,/wp-content/uploads/2020/03/RACE-SPRINGS.png
simple,Height Adjustable Coil Overs <span style='display: none;'>AUDI Sedan 09 - 19</span>,1,AUDI,visible,AUDI Sedan 09 - 19,1,1,912.9,1074,/wp-content/uploads/2020/03/RACE-SPRINGS.png
simple,Height Adjustable Coil Overs <span style='display: none;'>AUDI FWD (09-15) 09 - 19</span>,1,AUDI,visible,AUDI FWD (09-15) 09 - 19,1,1,912.9,1074,/wp-content/uploads/2020/03/RACE-SPRINGS.png
simple,Height Adjustable Coil Overs <span style='display: none;'>AUDI Quattro 09 - 19</span>,1,AUDI,visible,AUDI Quattro 09 - 19,1,1,912.9,1074,/wp-content/uploads/2020/03/RACE-SPRINGS.png
simple,Height Adjustable Coil Overs <span style='display: none;'>AUDI A6 98 - 04</span>,1,AUDI,visible,AUDI A6 98 - 04,1,1,921.825,1084.5,/wp-content/uploads/2020/03/RACE-SPRINGS.png
simple,Height Adjustable Coil Overs <span style='display: none;'>AUDI 4B 98 - 04</span>,1,AUDI,visible,AUDI 4B 98 - 04,1,1,921.825,1084.5,/wp-content/uploads/2020/03/RACE-SPRINGS.png
simple,Height Adjustable Coil Overs <span style='display: none;'>AUDI 2WD 98 - 04</span>,1,AUDI,visible,AUDI 2WD 98 - 04,1,1,921.825,1084.5,/wp-content/uploads/2020/03/RACE-SPRINGS.png
simple,Height Adjustable Coil Overs <span style='display: none;'>AUDI Excl Quattro 98 - 04</span>,1,AUDI,visible,AUDI Excl Quattro 98 - 04,1,1,921.825,1084.5,/wp-content/uploads/2020/03/RACE-SPRINGS.png
simple,Height Adjustable Coil Overs <span style='display: none;'>AUDI A6 98 - 04</span>,1,AUDI,visible,AUDI A6 98 - 04,1,1,940.95,1107,/wp-content/uploads/2020/03/RACE-SPRINGS.png
simple,Height Adjustable Coil Overs <span style='display: none;'>AUDI 4B 98 - 04</span>,1,AUDI,visible,AUDI 4B 98 - 04,1,1,940.95,1107,/wp-content/uploads/2020/03/RACE-SPRINGS.png
simple,Height Adjustable Coil Overs <span style='display: none;'>AUDI Quattro 98 - 04</span>,1,AUDI,visible,AUDI Quattro 98 - 04,1,1,940.95,1107,/wp-content/uploads/2020/03/RACE-SPRINGS.png
simple,Height Adjustable Coil Overs <span style='display: none;'>AUDI A6 06 - 11</span>,1,AUDI,visible,AUDI A6 06 - 11,1,1,949.875,1117.5,/wp-content/uploads/2020/03/RACE-SPRINGS.png
simple,Height Adjustable Coil Overs <span style='display: none;'>AUDI 4F 06 - 11</span>,1,AUDI,visible,AUDI 4F 06 - 11,1,1,949.875,1117.5,/wp-content/uploads/2020/03/RACE-SPRINGS.png
simple,Height Adjustable Coil Overs <span style='display: none;'>AUDI Avant 06 - 11</span>,1,AUDI,visible,AUDI Avant 06 - 11,1,1,949.875,1117.5,/wp-content/uploads/2020/03/RACE-SPRINGS.png
simple,Height Adjustable Coil Overs <span style='display: none;'>AUDI Incl Quattro 06 - 11</span>,1,AUDI,visible,AUDI Incl Quattro 06 - 11,1,1,949.875,1117.5,/wp-content/uploads/2020/03/RACE-SPRINGS.png
simple,Height Adjustable Coil Overs <span style='display: none;'>AUDI A6 06 - 11</span>,1,AUDI,visible,AUDI A6 06 - 11,1,1,949.875,1117.5,/wp-content/uploads/2020/03/RACE-SPRINGS.png
simple,Height Adjustable Coil Overs <span style='display: none;'>AUDI 4F 06 - 11</span>,1,AUDI,visible,AUDI 4F 06 - 11,1,1,949.875,1117.5,/wp-content/uploads/2020/03/RACE-SPRINGS.png
simple,Height Adjustable Coil Overs <span style='display: none;'>AUDI Sedan 06 - 11</span>,1,AUDI,visible,AUDI Sedan 06 - 11,1,1,949.875,1117.5,/wp-content/uploads/2020/03/RACE-SPRINGS.png
simple,Height Adjustable Coil Overs <span style='display: none;'>AUDI Incl Quattro 06 - 11</span>,1,AUDI,visible,AUDI Incl Quattro 06 - 11,1,1,949.875,1117.5,/wp-content/uploads/2020/03/RACE-SPRINGS.png
simple,Height Adjustable Coil Overs <span style='display: none;'>AUDI A6 12 - 19</span>,1,AUDI,visible,AUDI A6 12 - 19,1,1,909.925,1070.5,/wp-content/uploads/2020/03/RACE-SPRINGS.png
simple,Height Adjustable Coil Overs <span style='display: none;'>AUDI 4G 12 - 19</span>,1,AUDI,visible,AUDI 4G 12 - 19,1,1,909.925,1070.5,/wp-content/uploads/2020/03/RACE-SPRINGS.png
simple,Height Adjustable Coil Overs <span style='display: none;'>AUDI 4G1 12 - 19</span>,1,AUDI,visible,AUDI 4G1 12 - 19,1,1,909.925,1070.5,/wp-content/uploads/2020/03/RACE-SPRINGS.png
simple,Height Adjustable Coil Overs <span style='display: none;'>AUDI Sedan 12 - 19</span>,1,AUDI,visible,AUDI Sedan 12 - 19,1,1,909.925,1070.5,/wp-content/uploads/2020/03/RACE-SPRINGS.png
simple,Height Adjustable Coil Overs <span style='display: none;'>AUDI Incl Quattro 12 - 19</span>,1,AUDI,visible,AUDI Incl Quattro 12 - 19,1,1,909.925,1070.5,/wp-content/uploads/2020/03/RACE-SPRINGS.png
simple,Height Adjustable Coil Overs <span style='display: none;'>AUDI A6 12 - 19</span>,1,AUDI,visible,AUDI A6 12 - 19,1,1,909.925,1070.5,/wp-content/uploads/2020/03/RACE-SPRINGS.png
simple,Height Adjustable Coil Overs <span style='display: none;'>AUDI 4G 12 - 19</span>,1,AUDI,visible,AUDI 4G 12 - 19,1,1,909.925,1070.5,/wp-content/uploads/2020/03/RACE-SPRINGS.png
simple,Height Adjustable Coil Overs <span style='display: none;'>AUDI 4G1 12 - 19</span>,1,AUDI,visible,AUDI 4G1 12 - 19,1,1,909.925,1070.5,/wp-content/uploads/2020/03/RACE-SPRINGS.png
simple,Height Adjustable Coil Overs <span style='display: none;'>AUDI Avant 12 - 19</span>,1,AUDI,visible,AUDI Avant 12 - 19,1,1,909.925,1070.5,/wp-content/uploads/2020/03/RACE-SPRINGS.png
simple,Height Adjustable Coil Overs <span style='display: none;'>AUDI Incl Quattro 12 - 19</span>,1,AUDI,visible,AUDI Incl Quattro 12 - 19,1,1,909.925,1070.5,/wp-content/uploads/2020/03/RACE-SPRINGS.png
simple,Height Adjustable Coil Overs <span style='display: none;'>AUDI A8 98 - 02</span>,1,AUDI,visible,AUDI A8 98 - 02,1,1,829.6,976,/wp-content/uploads/2020/03/RACE-SPRINGS.png
simple,Height Adjustable Coil Overs <span style='display: none;'>AUDI D2 98 - 02</span>,1,AUDI,visible,AUDI D2 98 - 02,1,1,829.6,976,/wp-content/uploads/2020/03/RACE-SPRINGS.png
simple,Height Adjustable Coil Overs <span style='display: none;'>AUDI Incl Quattro 98 - 02</span>,1,AUDI,visible,AUDI Incl Quattro 98 - 02,1,1,829.6,976,/wp-content/uploads/2020/03/RACE-SPRINGS.png
simple,Height Adjustable Coil Overs <span style='display: none;'>AUDI TT 08 - 15</span>,1,AUDI,visible,AUDI TT 08 - 15,1,1,839.8,988,/wp-content/uploads/2020/03/RACE-SPRINGS.png
simple,Height Adjustable Coil Overs <span style='display: none;'>AUDI 8J 08 - 15</span>,1,AUDI,visible,AUDI 8J 08 - 15,1,1,839.8,988,/wp-content/uploads/2020/03/RACE-SPRINGS.png
simple,Height Adjustable Coil Overs <span style='display: none;'>AUDI Quattro 08 - 15</span>,1,AUDI,visible,AUDI Quattro 08 - 15,1,1,839.8,988,/wp-content/uploads/2020/03/RACE-SPRINGS.png
simple,Height Adjustable Coil Overs <span style='display: none;'>AUDI TT 08 - 15</span>,1,AUDI,visible,AUDI TT 08 - 15,1,1,829.6,976,/wp-content/uploads/2020/03/RACE-SPRINGS.png
simple,Height Adjustable Coil Overs <span style='display: none;'>AUDI 8J 08 - 15</span>,1,AUDI,visible,AUDI 8J 08 - 15,1,1,829.6,976,/wp-content/uploads/2020/03/RACE-SPRINGS.png
simple,Height Adjustable Coil Overs <span style='display: none;'>AUDI Roadster 08 - 15</span>,1,AUDI,visible,AUDI Roadster 08 - 15,1,1,829.6,976,/wp-content/uploads/2020/03/RACE-SPRINGS.png
simple,Height Adjustable Coil Overs <span style='display: none;'>AUDI Excl Quattro 08 - 15</span>,1,AUDI,visible,AUDI Excl Quattro 08 - 15,1,1,829.6,976,/wp-content/uploads/2020/03/RACE-SPRINGS.png
simple,Height Adjustable Coil Overs <span style='display: none;'>AUDI TT 00 - 06</span>,1,AUDI,visible,AUDI TT 00 - 06,1,1,756.5,890,/wp-content/uploads/2020/03/RACE-SPRINGS.png
simple,Height Adjustable Coil Overs <span style='display: none;'>AUDI 8N 00 - 06</span>,1,AUDI,visible,AUDI 8N 00 - 06,1,1,756.5,890,/wp-content/uploads/2020/03/RACE-SPRINGS.png
simple,Height Adjustable Coil Overs <span style='display: none;'>AUDI Excl Quattro 00 - 06</span>,1,AUDI,visible,AUDI Excl Quattro 00 - 06,1,1,756.5,890,/wp-content/uploads/2020/03/RACE-SPRINGS.png
simple,Height Adjustable Coil Overs <span style='display: none;'>AUDI TT Quattro 00 - 06</span>,1,AUDI,visible,AUDI TT Quattro 00 - 06,1,1,829.6,976,/wp-content/uploads/2020/03/RACE-SPRINGS.png
simple,Height Adjustable Coil Overs <span style='display: none;'>AUDI 8N 00 - 06</span>,1,AUDI,visible,AUDI 8N 00 - 06,1,1,829.6,976,/wp-content/uploads/2020/03/RACE-SPRINGS.png
simple,Height Adjustable Coil Overs <span style='display: none;'>BMW 1 E82 08 - 13</span>,1,BMW,visible,BMW 1 E82 08 - 13,1,1,912.9,1074,/wp-content/uploads/2020/03/RACE-SPRINGS.png
simple,Height Adjustable Coil Overs <span style='display: none;'>BMW E87 08 - 13</span>,1,BMW,visible,BMW E87 08 - 13,1,1,912.9,1074,/wp-content/uploads/2020/03/RACE-SPRINGS.png
simple,Height Adjustable Coil Overs <span style='display: none;'>BMW 135i 08 - 13</span>,1,BMW,visible,BMW 135i 08 - 13,1,1,912.9,1074,/wp-content/uploads/2020/03/RACE-SPRINGS.png
simple,Height Adjustable Coil Overs <span style='display: none;'>BMW 128i Incl Conv 08 - 13</span>,1,BMW,visible,BMW 128i Incl Conv 08 - 13,1,1,912.9,1074,/wp-content/uploads/2020/03/RACE-SPRINGS.png
simple,Height Adjustable Coil Overs <span style='display: none;'>BMW Excl xDrive 08 - 13</span>,1,BMW,visible,BMW Excl xDrive 08 - 13,1,1,912.9,1074,/wp-content/uploads/2020/03/RACE-SPRINGS.png
simple,Height Adjustable Coil Overs <span style='display: none;'>BMW 2 F22 14 - 19</span>,1,BMW,visible,BMW 2 F22 14 - 19,1,1,892.5,1050,/wp-content/uploads/2020/03/RACE-SPRINGS.png
simple,Height Adjustable Coil Overs <span style='display: none;'>BMW 228i 14 - 19</span>,1,BMW,visible,BMW 228i 14 - 19,1,1,892.5,1050,/wp-content/uploads/2020/03/RACE-SPRINGS.png
simple,Height Adjustable Coil Overs <span style='display: none;'>BMW M235i 14 - 19</span>,1,BMW,visible,BMW M235i 14 - 19,1,1,892.5,1050,/wp-content/uploads/2020/03/RACE-SPRINGS.png
simple,Height Adjustable Coil Overs <span style='display: none;'>BMW M240i 14 - 19</span>,1,BMW,visible,BMW M240i 14 - 19,1,1,892.5,1050,/wp-content/uploads/2020/03/RACE-SPRINGS.png
simple,Height Adjustable Coil Overs <span style='display: none;'>BMW Excl xDrive 14 - 19</span>,1,BMW,visible,BMW Excl xDrive 14 - 19,1,1,892.5,1050,/wp-content/uploads/2020/03/RACE-SPRINGS.png
simple,Height Adjustable Coil Overs <span style='display: none;'>BMW without electronic dampers 14 - 19</span>,1,BMW,visible,BMW without electronic dampers 14 - 19,1,1,892.5,1050,/wp-content/uploads/2020/03/RACE-SPRINGS.png
simple,Height Adjustable Coil Overs <span style='display: none;'>BMW 2 F22 14 - 19</span>,1,BMW,visible,BMW 2 F22 14 - 19,1,1,977.5,1150,/wp-content/uploads/2020/03/RACE-SPRINGS.png
simple,Height Adjustable Coil Overs <span style='display: none;'>BMW 228i 14 - 19</span>,1,BMW,visible,BMW 228i 14 - 19,1,1,977.5,1150,/wp-content/uploads/2020/03/RACE-SPRINGS.png
simple,Height Adjustable Coil Overs <span style='display: none;'>BMW M235i 14 - 19</span>,1,BMW,visible,BMW M235i 14 - 19,1,1,977.5,1150,/wp-content/uploads/2020/03/RACE-SPRINGS.png
simple,Height Adjustable Coil Overs <span style='display: none;'>BMW M240i 14 - 19</span>,1,BMW,visible,BMW M240i 14 - 19,1,1,977.5,1150,/wp-content/uploads/2020/03/RACE-SPRINGS.png
simple,Height Adjustable Coil Overs <span style='display: none;'>BMW Excl xDrive 14 - 19</span>,1,BMW,visible,BMW Excl xDrive 14 - 19,1,1,977.5,1150,/wp-content/uploads/2020/03/RACE-SPRINGS.png
simple,Height Adjustable Coil Overs <span style='display: none;'>BMW with electronic dampers 14 - 19</span>,1,BMW,visible,BMW with electronic dampers 14 - 19,1,1,977.5,1150,/wp-content/uploads/2020/03/RACE-SPRINGS.png
simple,Height Adjustable Coil Overs <span style='display: none;'>BMW 2 F22 14 - 19</span>,1,BMW,visible,BMW 2 F22 14 - 19,1,1,ID,ID,/wp-content/uploads/2020/03/RACE-SPRINGS.png
simple,Height Adjustable Coil Overs <span style='display: none;'>BMW 228i 14 - 19</span>,1,BMW,visible,BMW 228i 14 - 19,1,1,ID,ID,/wp-content/uploads/2020/03/RACE-SPRINGS.png
simple,Height Adjustable Coil Overs <span style='display: none;'>BMW M235i 14 - 19</span>,1,BMW,visible,BMW M235i 14 - 19,1,1,ID,ID,/wp-content/uploads/2020/03/RACE-SPRINGS.png
simple,Height Adjustable Coil Overs <span style='display: none;'>BMW M240i 14 - 19</span>,1,BMW,visible,BMW M240i 14 - 19,1,1,ID,ID,/wp-content/uploads/2020/03/RACE-SPRINGS.png
simple,Height Adjustable Coil Overs <span style='display: none;'>BMW xDrive 14 - 19</span>,1,BMW,visible,BMW xDrive 14 - 19,1,1,ID,ID,/wp-content/uploads/2020/03/RACE-SPRINGS.png
simple,Height Adjustable Coil Overs <span style='display: none;'>BMW without electronic dampers 14 - 19</span>,1,BMW,visible,BMW without electronic dampers 14 - 19,1,1,ID,ID,/wp-content/uploads/2020/03/RACE-SPRINGS.png
simple,Height Adjustable Coil Overs <span style='display: none;'>BMW 2 F22 14 - 19</span>,1,BMW,visible,BMW 2 F22 14 - 19,1,1,ID,ID,/wp-content/uploads/2020/03/RACE-SPRINGS.png
simple,Height Adjustable Coil Overs <span style='display: none;'>BMW 228i 14 - 19</span>,1,BMW,visible,BMW 228i 14 - 19,1,1,ID,ID,/wp-content/uploads/2020/03/RACE-SPRINGS.png
simple,Height Adjustable Coil Overs <span style='display: none;'>BMW M235i 14 - 19</span>,1,BMW,visible,BMW M235i 14 - 19,1,1,ID,ID,/wp-content/uploads/2020/03/RACE-SPRINGS.png
simple,Height Adjustable Coil Overs <span style='display: none;'>BMW M240i 14 - 19</span>,1,BMW,visible,BMW M240i 14 - 19,1,1,ID,ID,/wp-content/uploads/2020/03/RACE-SPRINGS.png
simple,Height Adjustable Coil Overs <span style='display: none;'>BMW xDrive 14 - 19</span>,1,BMW,visible,BMW xDrive 14 - 19,1,1,ID,ID,/wp-content/uploads/2020/03/RACE-SPRINGS.png
simple,Height Adjustable Coil Overs <span style='display: none;'>BMW with electronic dampers 14 - 19</span>,1,BMW,visible,BMW with electronic dampers 14 - 19,1,1,ID,ID,/wp-content/uploads/2020/03/RACE-SPRINGS.png
simple,Height Adjustable Coil Overs <span style='display: none;'>BMW 3 E36 95 - 99</span>,1,BMW,visible,BMW 3 E36 95 - 99,1,1,857.65,1009,/wp-content/uploads/2020/03/RACE-SPRINGS.png
simple,Height Adjustable Coil Overs <span style='display: none;'>BMW M3 95 - 99</span>,1,BMW,visible,BMW M3 95 - 99,1,1,857.65,1009,/wp-content/uploads/2020/03/RACE-SPRINGS.png
simple,Height Adjustable Coil Overs <span style='display: none;'>BMW 3 E36 92 - 98</span>,1,BMW,visible,BMW 3 E36 92 - 98,1,1,829.6,976,/wp-content/uploads/2020/03/RACE-SPRINGS.png
simple,Height Adjustable Coil Overs <span style='display: none;'>BMW 4 cyl and 6 cyl Excl M3 92 - 98</span>,1,BMW,visible,BMW 4 cyl and 6 cyl Excl M3 92 - 98,1,1,829.6,976,/wp-content/uploads/2020/03/RACE-SPRINGS.png
simple,Height Adjustable Coil Overs <span style='display: none;'>BMW 3 E46 99 - 05</span>,1,BMW,visible,BMW 3 E46 99 - 05,1,1,829.6,976,/wp-content/uploads/2020/03/RACE-SPRINGS.png
simple,Height Adjustable Coil Overs <span style='display: none;'>BMW Excl M3 99 - 05</span>,1,BMW,visible,BMW Excl M3 99 - 05,1,1,829.6,976,/wp-content/uploads/2020/03/RACE-SPRINGS.png
simple,Height Adjustable Coil Overs <span style='display: none;'>BMW Excl xDrive 99 - 05</span>,1,BMW,visible,BMW Excl xDrive 99 - 05,1,1,829.6,976,/wp-content/uploads/2020/03/RACE-SPRINGS.png
simple,Height Adjustable Coil Overs <span style='display: none;'>BMW 3 E46 99 - 06</span>,1,BMW,visible,BMW 3 E46 99 - 06,1,1,1014.05,1193,/wp-content/uploads/2020/03/RACE-SPRINGS.png
simple,Height Adjustable Coil Overs <span style='display: none;'>BMW M3 99 - 06</span>,1,BMW,visible,BMW M3 99 - 06,1,1,1014.05,1193,/wp-content/uploads/2020/03/RACE-SPRINGS.png
simple,Height Adjustable Coil Overs <span style='display: none;'>BMW 3 E90 06 - 12</span>,1,BMW,visible,BMW 3 E90 06 - 12,1,1,872.1,1026,/wp-content/uploads/2020/03/RACE-SPRINGS.png
simple,Height Adjustable Coil Overs <span style='display: none;'>BMW E91 06 - 12</span>,1,BMW,visible,BMW E91 06 - 12,1,1,872.1,1026,/wp-content/uploads/2020/03/RACE-SPRINGS.png
simple,Height Adjustable Coil Overs <span style='display: none;'>BMW Excl xDrive and M3 06 - 12</span>,1,BMW,visible,BMW Excl xDrive and M3 06 - 12,1,1,872.1,1026,/wp-content/uploads/2020/03/RACE-SPRINGS.png
simple,Height Adjustable Coil Overs <span style='display: none;'>BMW 3 E90 xDrive 07 - 11</span>,1,BMW,visible,BMW 3 E90 xDrive 07 - 11,1,1,943.925,1110.5,/wp-content/uploads/2020/03/RACE-SPRINGS.png
simple,Height Adjustable Coil Overs <span style='display: none;'>BMW Sedan 07 - 11</span>,1,BMW,visible,BMW Sedan 07 - 11,1,1,943.925,1110.5,/wp-content/uploads/2020/03/RACE-SPRINGS.png
simple,Height Adjustable Coil Overs <span style='display: none;'>BMW 3 E92 xDrive 07 - 11</span>,1,BMW,visible,BMW 3 E92 xDrive 07 - 11,1,1,943.925,1110.5,/wp-content/uploads/2020/03/RACE-SPRINGS.png
simple,Height Adjustable Coil Overs <span style='display: none;'>BMW Coupé 07 - 11</span>,1,BMW,visible,BMW Coupé 07 - 11,1,1,943.925,1110.5,/wp-content/uploads/2020/03/RACE-SPRINGS.png
simple,Height Adjustable Coil Overs <span style='display: none;'>BMW 3 F30 12 - 18</span>,1,BMW,visible,BMW 3 F30 12 - 18,1,1,872.1,1026,/wp-content/uploads/2020/03/RACE-SPRINGS.png
simple,Height Adjustable Coil Overs <span style='display: none;'>BMW Excl M3 12 - 18</span>,1,BMW,visible,BMW Excl M3 12 - 18,1,1,872.1,1026,/wp-content/uploads/2020/03/RACE-SPRINGS.png
simple,Height Adjustable Coil Overs <span style='display: none;'>BMW Excl xDrive 12 - 18</span>,1,BMW,visible,BMW Excl xDrive 12 - 18,1,1,872.1,1026,/wp-content/uploads/2020/03/RACE-SPRINGS.png
simple,Height Adjustable Coil Overs <span style='display: none;'>BMW 5 E39 99 - 04</span>,1,BMW,visible,BMW 5 E39 99 - 04,1,1,921.825,1084.5,/wp-content/uploads/2020/03/RACE-SPRINGS.png
simple,Height Adjustable Coil Overs <span style='display: none;'>BMW Sedan 99 - 04</span>,1,BMW,visible,BMW Sedan 99 - 04,1,1,921.825,1084.5,/wp-content/uploads/2020/03/RACE-SPRINGS.png
simple,Height Adjustable Coil Overs <span style='display: none;'>BMW Excl M5 99 - 04</span>,1,BMW,visible,BMW Excl M5 99 - 04,1,1,921.825,1084.5,/wp-content/uploads/2020/03/RACE-SPRINGS.png
simple,Height Adjustable Coil Overs <span style='display: none;'>BMW Excl xDrive 99 - 04</span>,1,BMW,visible,BMW Excl xDrive 99 - 04,1,1,921.825,1084.5,/wp-content/uploads/2020/03/RACE-SPRINGS.png
simple,Height Adjustable Coil Overs <span style='display: none;'>BMW 5 E39 99 - 03</span>,1,BMW,visible,BMW 5 E39 99 - 03,1,1,1164.925,1370.5,/wp-content/uploads/2020/03/RACE-SPRINGS.png
simple,Height Adjustable Coil Overs <span style='display: none;'>BMW M5 99 - 03</span>,1,BMW,visible,BMW M5 99 - 03,1,1,1164.925,1370.5,/wp-content/uploads/2020/03/RACE-SPRINGS.png
simple,Height Adjustable Coil Overs <span style='display: none;'>BMW 5 E60 05 - 11</span>,1,BMW,visible,BMW 5 E60 05 - 11,1,1,949.875,1117.5,/wp-content/uploads/2020/03/RACE-SPRINGS.png
simple,Height Adjustable Coil Overs <span style='display: none;'>BMW Sedan 05 - 11</span>,1,BMW,visible,BMW Sedan 05 - 11,1,1,949.875,1117.5,/wp-content/uploads/2020/03/RACE-SPRINGS.png
simple,Height Adjustable Coil Overs <span style='display: none;'>BMW Excl M5 05 - 11</span>,1,BMW,visible,BMW Excl M5 05 - 11,1,1,949.875,1117.5,/wp-content/uploads/2020/03/RACE-SPRINGS.png
simple,Height Adjustable Coil Overs <span style='display: none;'>BMW Excl xDrive 05 - 11</span>,1,BMW,visible,BMW Excl xDrive 05 - 11,1,1,949.875,1117.5,/wp-content/uploads/2020/03/RACE-SPRINGS.png
simple,Height Adjustable Coil Overs <span style='display: none;'>BMW 5 E60 05 - 11</span>,1,BMW,visible,BMW 5 E60 05 - 11,1,1,949.875,1117.5,/wp-content/uploads/2020/03/RACE-SPRINGS.png
simple,Height Adjustable Coil Overs <span style='display: none;'>BMW Touring 05 - 11</span>,1,BMW,visible,BMW Touring 05 - 11,1,1,949.875,1117.5,/wp-content/uploads/2020/03/RACE-SPRINGS.png
simple,Height Adjustable Coil Overs <span style='display: none;'>BMW Excl M5 05 - 11</span>,1,BMW,visible,BMW Excl M5 05 - 11,1,1,949.875,1117.5,/wp-content/uploads/2020/03/RACE-SPRINGS.png
simple,Height Adjustable Coil Overs <span style='display: none;'>BMW 6 F06 13 - 19</span>,1,BMW,visible,BMW 6 F06 13 - 19,1,1,1164.925,1370.5,/wp-content/uploads/2020/03/RACE-SPRINGS.png
simple,Height Adjustable Coil Overs <span style='display: none;'>BMW Gran Coupé 13 - 19</span>,1,BMW,visible,BMW Gran Coupé 13 - 19,1,1,1164.925,1370.5,/wp-content/uploads/2020/03/RACE-SPRINGS.png
simple,Height Adjustable Coil Overs <span style='display: none;'>BMW Excl xDrive 13 - 19</span>,1,BMW,visible,BMW Excl xDrive 13 - 19,1,1,1164.925,1370.5,/wp-content/uploads/2020/03/RACE-SPRINGS.png
simple,Height Adjustable Coil Overs <span style='display: none;'>BMW 7 E38 94 - 01</span>,1,BMW,visible,BMW 7 E38 94 - 01,1,1,1116.05,1313,/wp-content/uploads/2020/03/RACE-SPRINGS.png
simple,Height Adjustable Coil Overs <span style='display: none;'>BMW 7 F01 09 - 15</span>,1,BMW,visible,BMW 7 F01 09 - 15,1,1,1164.925,1370.5,/wp-content/uploads/2020/03/RACE-SPRINGS.png
simple,Height Adjustable Coil Overs <span style='display: none;'>BMW Excl 760i 09 - 15</span>,1,BMW,visible,BMW Excl 760i 09 - 15,1,1,1164.925,1370.5,/wp-content/uploads/2020/03/RACE-SPRINGS.png
simple,Height Adjustable Coil Overs <span style='display: none;'>BMW Z3 98 - 02</span>,1,BMW,visible,BMW Z3 98 - 02,1,1,829.6,976,/wp-content/uploads/2020/03/RACE-SPRINGS.png
simple,Height Adjustable Coil Overs <span style='display: none;'>BMW M Coupe 98 - 02</span>,1,BMW,visible,BMW M Coupe 98 - 02,1,1,829.6,976,/wp-content/uploads/2020/03/RACE-SPRINGS.png
simple,Height Adjustable Coil Overs <span style='display: none;'>BMW Roadster 98 - 02</span>,1,BMW,visible,BMW Roadster 98 - 02,1,1,829.6,976,/wp-content/uploads/2020/03/RACE-SPRINGS.png
simple,Height Adjustable Coil Overs <span style='display: none;'>BMW Z4 03 - 08</span>,1,BMW,visible,BMW Z4 03 - 08,1,1,958.8,1128,/wp-content/uploads/2020/03/RACE-SPRINGS.png
simple,Height Adjustable Coil Overs <span style='display: none;'>BMW E85/E86 03 - 08</span>,1,BMW,visible,BMW E85/E86 03 - 08,1,1,958.8,1128,/wp-content/uploads/2020/03/RACE-SPRINGS.png
simple,Height Adjustable Coil Overs <span style='display: none;'>MERCEDES BENZ CLA-Class 14 - 19</span>,1,MERCEDES BENZ,visible,MERCEDES BENZ CLA-Class 14 - 19,1,1,990.25,1165,/wp-content/uploads/2020/03/RACE-SPRINGS.png
simple,Height Adjustable Coil Overs <span style='display: none;'>MERCEDES BENZ C117 14 - 19</span>,1,MERCEDES BENZ,visible,MERCEDES BENZ C117 14 - 19,1,1,990.25,1165,/wp-content/uploads/2020/03/RACE-SPRINGS.png
simple,Height Adjustable Coil Overs <span style='display: none;'>PORSCHE Boxster 98 - 04</span>,1,PORSCHE,visible,PORSCHE Boxster 98 - 04,1,1,1816.45,2137,/wp-content/uploads/2020/03/RACE-SPRINGS.png
simple,Height Adjustable Coil Overs <span style='display: none;'>PORSCHE 986 98 - 04</span>,1,PORSCHE,visible,PORSCHE 986 98 - 04,1,1,1816.45,2137,/wp-content/uploads/2020/03/RACE-SPRINGS.png
simple,Height Adjustable Coil Overs <span style='display: none;'>PORSCHE incl S 98 - 04</span>,1,PORSCHE,visible,PORSCHE incl S 98 - 04,1,1,1816.45,2137,/wp-content/uploads/2020/03/RACE-SPRINGS.png
